turn	timestamp_s	event_type	status	us_per_eval	code_hash	description
1	4.07	benchmark	KEEP	0.191	5db850dd	0.191 us/eval
4	34.14	write_code	OK		cd527066	Wrote 3665 chars
5	35.94	build	PASS		cd527066	Build OK (0.5s)
6	37.49	validation	PASS		cd527066	Validation passed
7	39.64	benchmark	KEEP	0.170	cd527066	0.170 us/eval
8	65.91	write_code	OK		bf4d1994	Wrote 5292 chars
9	68.31	build	PASS		bf4d1994	Build OK (0.5s)
10	69.45	validation	PASS		bf4d1994	Validation passed
11	70.97	benchmark	KEEP	0.096	bf4d1994	0.096 us/eval
12	99.42	write_code	OK		1b1f8a17	Wrote 5318 chars
13	101.49	build	PASS		1b1f8a17	Build OK (0.5s)
14	102.72	validation	PASS		1b1f8a17	Validation passed
15	104.64	benchmark	KEEP	0.061	1b1f8a17	0.061 us/eval
